{"cameraMode":{"drawMode":0,"name":"Shaded","section":"Shading Mode"},"sceneLighting":true,"audioPlay":false,"sceneViewState":{"showFog":true,"showMaterialUpdate":false,"showSkybox":true,"showFlares":true,"showImageEffects":true,"showParticleSystems":true},"in2DMode":false,"pivot":{"x":31.80561065673828,"y":13.747255325317383,"z":18.014432907104493},"rotation":{"x":0.13777242600917817,"y":-0.38739389181137087,"z":0.05867099389433861,"w":0.9096716642379761},"size":374.81134033203127,"orthographic":false}